service,common_policy,common_rules,allowlist_rules,profile_rules,function_rules,total_rules,profiles
amf-auth-initiate,post-json,2,1,1,1,5,supi
amf-deregistration,post-json,2,1,1,1,5,supi
amf-handover,post-json,2,1,1,1,5,supi
amf-initial-registration,post-json,2,1,1,3,7,supi
amf-pdu-session-relay,post-json,2,1,4,0,7,"supi,snssai,dnn"
amf-service-request,post-json,2,1,1,0,4,supi
ausf-authenticate,post-json,2,1,1,1,5,supi
bsf-binding-deregister,post-json,2,1,1,0,4,binding-id
bsf-binding-discover,post-json,2,1,0,2,5,
bsf-binding-register,post-json,2,1,4,2,9,"supi,snssai,dnn"
chf-charging-create,post-json,2,1,4,2,9,"supi,snssai,dnn"
chf-charging-release,post-json,2,1,1,0,4,charging-id
chf-charging-update,post-json,2,1,1,1,5,charging-id
eventlogger,cloudevent-sink,2,0,0,0,2,
nrf-discover,lookup,2,1,0,1,4,
nrf-register,post-json,2,1,1,2,6,nf-type
nrf-status-notify,post-json,2,1,0,2,5,
nsacf-slice-availability-check,post-json,2,1,2,1,6,snssai
nsacf-update-counters,post-json,2,1,2,2,7,snssai
nssf-slice-select,post-json,2,1,0,2,5,
nwdaf-analytics-subscribe,post-json,2,1,0,2,5,
nwdaf-data-collect,post-json,2,1,0,3,6,
pcf-policy-create,post-json,2,1,4,0,7,"supi,snssai,dnn"
pcf-policy-get,lookup,2,1,0,1,4,
smf-n4-session-setup,post-json,2,1,1,2,6,ue-ip
smf-pdu-session-create,post-json,2,1,4,3,10,"supi,snssai,dnn"
smf-pdu-session-release,post-json,2,1,1,0,4,session-id
smf-pdu-session-update,post-json,2,1,1,2,6,session-id
udm-generate-auth-data,post-json,2,1,1,1,5,supi
udm-get-subscriber-data,lookup,2,1,1,0,4,supi-query
udr-data-read,lookup,2,1,1,0,4,supi-query
udr-data-write,post-json,2,1,1,3,7,supi
